Designator,Val,Package,Mid X,Mid Y,Rotation,Layer
BT1,3V/CR2032,BatteryHolder_Keystone_1060_1x2032,78.75,-116.5,90.0,top
D1,D,D_SMA,46.5,-35.0,-90.0,bottom
D2,D,D_SMA,46.5,-49.0,-90.0,bottom
D3,D,D_SMA,46.5,-63.0,-90.0,bottom
D4,D,D_SMA,46.5,-78.0,-90.0,bottom
D19,V15P45S-M3_86A,V15P45SM387A,45.4,-130.755,90.0,bottom
F1,0154010.DRL,0154010DRL,46.0,-144.5,90.0,bottom
F2,0154010.DRL,0154010DRL,53.5,-144.5,90.0,bottom
F3,0154010.DRL,0154010DRL,61.0,-144.5,90.0,bottom
F5,0154010.DRL,0154010DRL,68.5,-144.5,90.0,bottom
F6,0154010.DRL,0154010DRL,76.0,-144.5,90.0,bottom
F7,0154010.DRL,0154010DRL,83.5,-144.5,90.0,bottom
H1,MountingHole,MountingHole_2.5mm,95.0,-43.0,0.0,top
H2,MountingHole,MountingHole_2.5mm,107.0,-125.0,0.0,top
H3,MountingHole,MountingHole_2.5mm,151.0,-43.0,0.0,top
IC6,790,790,96.5,-168.5,0.0,top
IC7,SN74ABT125QDRG4Q1,SOIC-14_3.9x8.7mm_P1.27mm,145.75,-121.55,180.0,top
IC8,SN74ABT125QDRG4Q1,SOIC-14_3.9x8.7mm_P1.27mm,145.725,-108.61,180.0,top
J1,DT13-48PABCD-R015_PHYSICAL,DT1348PABCDR015_PHYSICAL,55.34,-160.75,0.0,top
J2,Expansion,PinHeader_2x09_P2.54mm_Vertical,147.32,-50.8,0.0,top
J3,Micro_SD_Card_Det,microSD_HC_Molex_104031-0811,114.525,-34.625,90.0,top
J4,ARM_SWD,PinHeader_2x05_P1.27mm_Vertical_SMD,96.62,-72.64,0.0,top
J5,619540-1,6195401,96.75,-182.5,-90.0,top
JP1,BOOT_EXT,SolderJumper-2_P1.3mm_Open_RoundedPad1.0x1.5mm,141.5,-100.5,0.0,top
JP6,BOOT,SolderJumper-3_P1.3mm_Open_RoundedPad1.0x1.5mm_NumberLabels,128.5,-100.5,0.0,top
K1,5-1419124-7,514191247,63.25,-38.75,0.0,top
K2,5-1419124-7,514191247,63.25,-52.75,0.0,top
K3,5-1419124-7,514191247,63.25,-66.75,0.0,top
K5,5-1419124-7,514191247,63.25,-81.65,0.0,top
K6,AQW212EHA,SOP254P962X275-8N,72.0,-34.75,180.0,top
K7,AQW212EHA,SOP254P962X275-8N,72.0,-49.0,180.0,top
K8,AQW212EHA,SOP254P962X275-8N,72.0,-63.0,180.0,top
K10,AQW212EHA,SOP254P962X275-8N,72.0,-78.0,180.0,top
K11,CPC1706Y,CPC1706Y,44.0,-155.5,-90.0,top
K12,CPC1706Y,CPC1706Y,51.5,-155.5,-90.0,top
K13,CPC1706Y,CPC1706Y,59.0,-155.5,-90.0,top
K14,CPC1706Y,CPC1706Y,66.5,-155.5,-90.0,top
K15,CPC1706Y,CPC1706Y,74.0,-155.5,-90.0,top
K16,CPC1706Y,CPC1706Y,81.5,-155.5,-90.0,top
PS1,mEZDPD3603A,mEZDPD3603A,42.25,-109.75,0.0,top
R11,420R,R_0805_2012Metric,46.0,-137.0,90.0,bottom
R12,420R,R_0805_2012Metric,53.5,-137.0,90.0,bottom
R13,420R,R_0805_2012Metric,61.0,-137.0,90.0,bottom
R14,420R,R_0805_2012Metric,68.5,-137.0,90.0,bottom
R15,420R,R_0805_2012Metric,76.0,-137.0,90.0,bottom
R16,420R,R_0805_2012Metric,83.5,-136.9125,90.0,bottom
RV1,10K,3306F1103,44.25,-90.5,0.0,top
RV2,10K,3306F1103,53.25,-90.5,0.0,top
RV3,10K,3306F1103,62.25,-90.5,0.0,top
S1,JS202011CQN,JS202011CQN,80.75,-34.75,90.0,top
S2,JS202011CQN,JS202011CQN,80.75,-49.0,90.0,top
TP1,GND,TestPoint_THTPad_D2.5mm_Drill1.2mm,87.5,-25.5,0.0,top
TP2,CURR,TestPoint_THTPad_D2.5mm_Drill1.2mm,44.25,-100.25,0.0,top
TP3,BRK,TestPoint_THTPad_D2.5mm_Drill1.2mm,53.25,-100.25,0.0,top
TP4,RC,TestPoint_THTPad_D2.5mm_Drill1.2mm,62.25,-100.25,0.0,top
TP7,24V,TestPoint_THTPad_D2.5mm_Drill1.2mm,56.75,-25.5,0.0,top
TP8,5V,TestPoint_THTPad_D2.5mm_Drill1.2mm,67.0,-25.5,0.0,top
TP9,3V3,TestPoint_THTPad_D2.5mm_Drill1.2mm,77.25,-25.5,0.0,top
U1,NC7S02M5X,SOT95P280X125-5N,84.5,-67.25,90.0,top
U2,MAX3232IDWR,SOIC-16W_7.5x10.3mm_P1.27mm,141.5,-34.0,0.0,bottom
U3,STM32F765ZITx,LQFP-144_20x20mm_P0.5mm,122.75,-66.3,0.0,top
U4,ISO1050DUB,SOP-8_6.62x9.15mm_P2.54mm,99.5,-142.5,180.0,top
U5,ISO1050DUB,SOP-8_6.62x9.15mm_P2.54mm,114.55,-148.45,90.0,top
U6,ISO1050DUB,SOP-8_6.62x9.15mm_P2.54mm,114.55,-137.2,90.0,top
U8,MPU-6050,InvenSense_QFN-24_4x4mm_P0.5mm,132.45,-39.95,180.0,top
U10,LM2903PT,TSSOP-8_4.4x3mm_P0.65mm,84.25,-78.5,270.0,top
U11,LM2903PT,TSSOP-8_4.4x3mm_P0.65mm,84.25,-62.675,270.0,top
U12,LM1117MPX-33NOPB,SOT-223-3_TabPin2,96.55,-60.19,180.0,top
U16,CAT24C256YI-GT3,TSSOP-8_4.4x3mm_P0.65mm,125.2,-30.9,0.0,top
